task,claude-code::<default>,codex::<default>,codex::gpt-5,codex::gpt-5.2,codex::o3-mini,codex::o4-mini
cpic_evidence_benchmark/cacna1s_ryr1_desflurane_7589138,1,,,,,
cpic_evidence_benchmark/cacna1s_ryr1_desflurane_7589139,1,,,,,
cpic_evidence_benchmark/cacna1s_ryr1_enflurane_7589152,0,,,,,
cpic_evidence_benchmark/cacna1s_ryr1_enflurane_7589153,0,,,,,
cpic_evidence_benchmark/cacna1s_ryr1_methoxyflurane_7589172,0,,,,,
cpic_evidence_benchmark/cacna1s_ryr1_methoxyflurane_7589173,1,,,,,
cpic_evidence_benchmark/cacna1s_ryr1_methoxyflurane_7589174,1,,,,,
cpic_evidence_benchmark/cacna1s_ryr1_methoxyflurane_7589175,1,,,,,
cpic_evidence_benchmark/cacna1s_ryr1_sevoflurane_7589178,1,,,,,
cpic_evidence_benchmark/cacna1s_ryr1_sevoflurane_7589179,1,,,,,
cpic_evidence_benchmark/cacna1s_ryr1_sevoflurane_7589182,1,,,,,
cpic_evidence_benchmark/cacna1s_ryr1_sevoflurane_7589183,1,,,,,
cpic_evidence_benchmark/cacna1s_ryr1_sevoflurane_7589184,0,,,,,
cpic_evidence_benchmark/cacna1s_ryr1_sevoflurane_7589185,0,,,,,
cpic_evidence_benchmark/cacna1s_ryr1_succinylcholine_7589190,1,,,,,
cpic_evidence_benchmark/cacna1s_ryr1_succinylcholine_7589191,1,,,,,
cpic_evidence_benchmark/dpyd_capecitabine_7589442,0,,,,,
cpic_evidence_benchmark/dpyd_capecitabine_7589443,1,,,,,
cpic_evidence_benchmark/dpyd_capecitabine_7589444,0,,,,,
cpic_evidence_benchmark/dpyd_capecitabine_7589445,0,,,,,
cpic_evidence_benchmark/dpyd_fluorouracil_7589440,0,,,,,
cpic_evidence_benchmark/slco1b1_lovastatin_7589750,1,,,,,
cpic_evidence_benchmark/slco1b1_lovastatin_7589751,0,,,,,
cpic_evidence_benchmark/slco1b1_pitavastatin_7590071,1,,,,,
cpic_evidence_benchmark_condensed/cyp2b6_efavirenz_7589430,,,,0,,
cpic_evidence_benchmark_condensed/cyp2b6_efavirenz_7589433,,,,0,,
cpic_evidence_benchmark_condensed/cyp2b6_efavirenz_7589434,,,,0,,
cpic_evidence_benchmark_condensed/cyp2c19_clopidogrel_7589077,,,,0,,
cpic_evidence_benchmark_condensed/cyp2c19_clopidogrel_7589080,,,,1,,
cpic_evidence_benchmark_condensed/cyp2c19_clopidogrel_7589081,,,,1,,
cpic_evidence_benchmark_condensed/cyp2c19_clopidogrel_7589083,,,,1,,
cpic_evidence_benchmark_condensed/cyp2c19_clopidogrel_7589085,,,,0,,
cpic_evidence_benchmark_condensed/cyp2c19_clopidogrel_7589096,,,,0,,
cpic_evidence_benchmark_condensed/cyp2c19_clopidogrel_7589098,,,,0,,
cpic_evidence_benchmark_condensed/cyp2c19_omeprazole_7589841,,,,0,,
cpic_evidence_benchmark_condensed/cyp2c19_omeprazole_7589842,,,,0,,
cpic_evidence_benchmark_condensed/cyp2c19_pantoprazole_7589861,,,,0,,
cpic_evidence_benchmark_condensed/cyp2c19_voriconazole_7590496,,,,0,,
cpic_evidence_benchmark_condensed/cyp2c19_voriconazole_7590497,,,,0,,
cpic_evidence_benchmark_condensed/cyp2c19_voriconazole_7590498,,,,0,,
cpic_evidence_benchmark_condensed/cyp2c19_voriconazole_7590501,,,,1,,
cpic_evidence_benchmark_condensed/cyp2c19_voriconazole_7590504,,,,0,,
cpic_evidence_benchmark_condensed/cyp2c19_voriconazole_7590509,,,,0,,
cpic_evidence_benchmark_condensed/cyp2c9_celecoxib_7588806,,,,0,,
cpic_evidence_benchmark_condensed/cyp2c9_celecoxib_7588808,,,,0,,
cpic_evidence_benchmark_condensed/cyp2c9_celecoxib_7588809,,,,0,,
cpic_evidence_benchmark_condensed/cyp2c9_meloxicam_7589757,,,,0,,
cpic_evidence_benchmark_condensed/cyp2c9_meloxicam_7589758,,,,0,,
cpic_evidence_benchmark_condensed/cyp2c9_meloxicam_7589759,,,,0,,
cpic_evidence_benchmark_condensed/cyp2d6_atomoxetine_7588707,,,,0,,
cpic_evidence_benchmark_condensed/cyp2d6_atomoxetine_7588711,,,,0,,
cpic_evidence_benchmark_condensed/cyp2d6_atomoxetine_7588718,,,,0,,
cpic_evidence_benchmark_condensed/cyp2d6_atomoxetine_7588724,,,,0,,
cpic_evidence_benchmark_condensed/cyp2d6_atomoxetine_7588727,,,,0,,
cpic_evidence_benchmark_condensed/cyp2d6_atomoxetine_7588729,,,,0,,
cpic_evidence_benchmark_condensed/cyp2d6_atomoxetine_7588746,,,,0,,
cpic_evidence_benchmark_condensed/cyp2d6_atomoxetine_7588749,,,,0,,
cpic_evidence_benchmark_condensed/cyp2d6_nortriptyline_7589819,,,,0,,
cpic_evidence_benchmark_condensed/cyp2d6_nortriptyline_7589830,,,,0,,
cpic_evidence_benchmark_condensed/cyp2d6_nortriptyline_7589835,,,,0,,
cpic_evidence_benchmark_condensed/cyp2d6_nortriptyline_7589839,,,,0,,
cpic_evidence_benchmark_condensed/cyp2d6_ondansetron_7589865,,,,0,,
cpic_evidence_benchmark_condensed/cyp2d6_ondansetron_7589876,,,,0,,
cpic_evidence_benchmark_condensed/cyp2d6_ondansetron_7589881,,,,1,,
cpic_evidence_benchmark_condensed/cyp2d6_tamoxifen_7590201,,,,0,,
cpic_evidence_benchmark_condensed/cyp2d6_tamoxifen_7590204,,,,0,,
cpic_evidence_benchmark_condensed/cyp2d6_tamoxifen_7590208,,,,1,,
cpic_evidence_benchmark_condensed/cyp3a5_tacrolimus_7590178,,,,0,,
cpic_evidence_benchmark_condensed/cyp3a5_tacrolimus_7590181,,,,1,,
cpic_evidence_benchmark_condensed/dpyd_capecitabine_7589441,,,,1,,
cpic_evidence_benchmark_condensed/dpyd_capecitabine_7589442,,,,0,,
cpic_evidence_benchmark_condensed/dpyd_fluorouracil_7589438,,,,1,,
cpic_evidence_benchmark_condensed/dpyd_fluorouracil_7589439,,,,1,,
cpic_evidence_benchmark_condensed/dpyd_fluorouracil_7589440,,,,0,,
cpic_evidence_benchmark_condensed/g6pd_dapsone_7589123,,,,0,,
cpic_evidence_benchmark_condensed/g6pd_dapsone_7589124,,,,0,,
cpic_evidence_benchmark_condensed/g6pd_dapsone_7589126,,,,0,,
cpic_evidence_benchmark_condensed/g6pd_methylene_blue_7589787,,,,0,,
cpic_evidence_benchmark_condensed/g6pd_nitrofurantoin_7589815,,,,0,,
cpic_evidence_benchmark_condensed/g6pd_nitrofurantoin_7589816,,,,0,,
cpic_evidence_benchmark_condensed/g6pd_nitrofurantoin_7589817,,,,0,,
cpic_evidence_benchmark_condensed/g6pd_primaquine_7590079,,,,0,,
cpic_evidence_benchmark_condensed/g6pd_primaquine_7590080,,,,0,,
cpic_evidence_benchmark_condensed/hla_b_abacavir_7588405,,,,1,,
cpic_evidence_benchmark_condensed/hla_b_abacavir_7588406,,,,1,,
cpic_evidence_benchmark_condensed/hla_b_allopurinol_7588407,,,,1,,
cpic_evidence_benchmark_condensed/hla_b_allopurinol_7588408,,,,0,,
cpic_evidence_benchmark_condensed/mt_rnr1_amikacin_7588409,,,,1,,
cpic_evidence_benchmark_condensed/mt_rnr1_amikacin_7588410,,,,0,,
cpic_evidence_benchmark_condensed/nat2_hydralazine_7589516,,,,0,,
cpic_evidence_benchmark_condensed/nat2_hydralazine_7589517,,,,0,,
cpic_evidence_benchmark_condensed/nat2_hydralazine_7589518,,,,0,,
cpic_evidence_benchmark_condensed/ugt1a1_atazanavir_7588703,,,,1,,
cpic_evidence_benchmark_condensed/ugt1a1_atazanavir_7588705,,,,0,,
cpic_reproduction/cyp2c9_piroxicam_7590063,0,,,,,
cpic_reproduction/cyp2d6_atomoxetine_7588715,0,,,,,
cpic_reproduction/cyp2d6_nortriptyline_7589832,0,,,,,
cpic_reproduction/dpyd_capecitabine_7589442,0,,,,,
cpic_reproduction/dpyd_capecitabine_7589444,1,,,,,
cpic_reproduction/dpyd_capecitabine_7589445,1,,,,,
cpic_reproduction/g6pd_nitrofurantoin_7589816,0,,,,,
cpic_reproduction/g6pd_nitrofurantoin_7589817,0,,,,,
cpic_reproduction/mt_rnr1_netilmicin_7588438,0,,,,,
cpic_reproduction/mt_rnr1_tobramycin_7588429,0,,,,,
cpic_zero_context/cftr_ivacaftor_7589748,0,,,,,
cpic_zero_context/cftr_ivacaftor_7589749,0,,,,,
cpic_zero_context/cyp2b6_efavirenz_7589431,0,,,,,
cpic_zero_context/cyp2c19_clopidogrel_7589085,0,,,,,
cpic_zero_context/cyp2c19_lansoprazole_7589853,0,,,,,
cpic_zero_context/cyp2c19_omeprazole_7589847,0,,,,,
cpic_zero_context/cyp2c19_pantoprazole_7589862,0,,,,,
cpic_zero_context/cyp2c19_voriconazole_7590501,0,,,,,
cpic_zero_context/cyp2c19_voriconazole_7590506,1,,,,,
cpic_zero_context/cyp2c9_celecoxib_7588807,0,,,,,
cpic_zero_context/cyp2c9_celecoxib_7588809,0,,,,,
cpic_zero_context/cyp2c9_lornoxicam_7588825,0,,,,,
cpic_zero_context/cyp2c9_piroxicam_7590063,0,,,,,
cpic_zero_context/cyp2c9_tenoxicam_7590212,0,,,,,
cpic_zero_context/cyp2c9_tenoxicam_7590214,0,,,,,
cpic_zero_context/cyp2d6_atomoxetine_7588715,0,,,,,
cpic_zero_context/cyp2d6_atomoxetine_7588739,0,,,,,
cpic_zero_context/cyp2d6_nortriptyline_7589826,1,,,,,
cpic_zero_context/cyp2d6_nortriptyline_7589832,1,,,,,
cpic_zero_context/cyp2d6_ondansetron_7589872,0,,,,,
cpic_zero_context/dpyd_capecitabine_7589442,0,,,,,
cpic_zero_context/dpyd_capecitabine_7589444,1,,,,,
cpic_zero_context/dpyd_capecitabine_7589445,1,,,,,
cpic_zero_context/dpyd_fluorouracil_7589437,0,,,,,
cpic_zero_context/dpyd_fluorouracil_7589438,1,,,,,
cpic_zero_context/g6pd_methylene_blue_7589787,1,,,,,
cpic_zero_context/g6pd_methylene_blue_7589788,0,,,,,
cpic_zero_context/g6pd_nitrofurantoin_7589816,0,,,,,
cpic_zero_context/g6pd_nitrofurantoin_7589817,0,,,,,
cpic_zero_context/g6pd_pegloticase_7589131,0,,,,,
cpic_zero_context/g6pd_primaquine_7590078,1,,,,,
cpic_zero_context/g6pd_primaquine_7590079,0,,,,,
cpic_zero_context/g6pd_rasburicase_7589133,1,,,,,
cpic_zero_context/g6pd_rasburicase_7589134,1,,,,,
cpic_zero_context/g6pd_rasburicase_7589135,1,,,,,
cpic_zero_context/g6pd_tafenoquine_7590183,1,,,,,
cpic_zero_context/g6pd_tafenoquine_7590185,1,,,,,
cpic_zero_context/g6pd_toluidine_blue_7590243,1,,,,,
cpic_zero_context/g6pd_toluidine_blue_7590244,0,,,,,
cpic_zero_context/hla_b_abacavir_7588406,1,,,,,
cpic_zero_context/mt_rnr1_netilmicin_7588436,1,,,,,
cpic_zero_context/mt_rnr1_netilmicin_7588438,0,,,,,
cpic_zero_context/mt_rnr1_ribostamycin_7588439,1,,,,,
cpic_zero_context/mt_rnr1_ribostamycin_7588440,1,,,,,
cpic_zero_context/mt_rnr1_ribostamycin_7588441,0,,,,,
cpic_zero_context/mt_rnr1_streptomycin_7588426,0,,,,,
cpic_zero_context/mt_rnr1_tobramycin_7588428,1,,,,,
cpic_zero_context/mt_rnr1_tobramycin_7588429,0,,,,,
cpic_zero_context/nat2_hydralazine_7589516,0,,,,,
cpic_zero_context/nat2_hydralazine_7589517,0,,,,,
cpic_zero_context_condensed/cyp2b6_efavirenz_7589430,,,,0,,
cpic_zero_context_condensed/cyp2b6_efavirenz_7589433,,,,0,,
cpic_zero_context_condensed/cyp2b6_efavirenz_7589434,,,,0,,
cpic_zero_context_condensed/cyp2c19_clopidogrel_7589077,,,,0,,
cpic_zero_context_condensed/cyp2c19_clopidogrel_7589080,,,,0,,
cpic_zero_context_condensed/cyp2c19_clopidogrel_7589081,,,,0,,
cpic_zero_context_condensed/cyp2c19_clopidogrel_7589083,,,,0,,
cpic_zero_context_condensed/cyp2c19_clopidogrel_7589085,,,,0,,
cpic_zero_context_condensed/cyp2c19_clopidogrel_7589096,,,,0,,
cpic_zero_context_condensed/cyp2c19_clopidogrel_7589098,,,,0,,
cpic_zero_context_condensed/cyp2c19_omeprazole_7589841,,,,0,,
cpic_zero_context_condensed/cyp2c19_omeprazole_7589842,,,,0,,
cpic_zero_context_condensed/cyp2c19_pantoprazole_7589861,,,,0,,
cpic_zero_context_condensed/cyp2c19_voriconazole_7590496,,,,0,,
cpic_zero_context_condensed/cyp2c19_voriconazole_7590497,,,,0,,
cpic_zero_context_condensed/cyp2c19_voriconazole_7590498,,,,0,,
cpic_zero_context_condensed/cyp2c19_voriconazole_7590501,,,,0,,
cpic_zero_context_condensed/cyp2c19_voriconazole_7590504,,,,0,,
cpic_zero_context_condensed/cyp2c19_voriconazole_7590509,,,,0,,
cpic_zero_context_condensed/cyp2c9_celecoxib_7588806,,,,0,,
cpic_zero_context_condensed/cyp2c9_celecoxib_7588808,,,,0,,
cpic_zero_context_condensed/cyp2c9_celecoxib_7588809,,,,0,,
cpic_zero_context_condensed/cyp2c9_meloxicam_7589757,,,,0,,
cpic_zero_context_condensed/cyp2c9_meloxicam_7589758,,,,0,,
cpic_zero_context_condensed/cyp2c9_meloxicam_7589759,,,,0,,
cpic_zero_context_condensed/cyp2d6_atomoxetine_7588707,,,,0,,
cpic_zero_context_condensed/cyp2d6_atomoxetine_7588711,,,,0,,
cpic_zero_context_condensed/cyp2d6_atomoxetine_7588718,,,,0,,
cpic_zero_context_condensed/cyp2d6_atomoxetine_7588724,,,,0,,
cpic_zero_context_condensed/cyp2d6_atomoxetine_7588727,,,,0,,
cpic_zero_context_condensed/cyp2d6_atomoxetine_7588729,,,,0,,
cpic_zero_context_condensed/cyp2d6_atomoxetine_7588746,,,,0,,
cpic_zero_context_condensed/cyp2d6_atomoxetine_7588749,,,,0,,
cpic_zero_context_condensed/cyp2d6_nortriptyline_7589819,,,,0,,
cpic_zero_context_condensed/cyp2d6_nortriptyline_7589830,,,,0,,
cpic_zero_context_condensed/cyp2d6_nortriptyline_7589835,,,,0,,
cpic_zero_context_condensed/cyp2d6_nortriptyline_7589839,,,,0,,
cpic_zero_context_condensed/cyp2d6_ondansetron_7589865,,,,0,,
cpic_zero_context_condensed/cyp2d6_ondansetron_7589876,,,,0,,
cpic_zero_context_condensed/cyp2d6_ondansetron_7589881,,,,0,,
cpic_zero_context_condensed/cyp2d6_tamoxifen_7590201,,,,1,,
cpic_zero_context_condensed/cyp2d6_tamoxifen_7590204,,,,0,,
cpic_zero_context_condensed/cyp2d6_tamoxifen_7590208,,,,0,,
cpic_zero_context_condensed/cyp3a5_tacrolimus_7590178,,,,0,,
cpic_zero_context_condensed/cyp3a5_tacrolimus_7590181,,,,0,,
cpic_zero_context_condensed/dpyd_capecitabine_7589441,,,,0,,
cpic_zero_context_condensed/dpyd_capecitabine_7589442,,,,0,,
cpic_zero_context_condensed/dpyd_fluorouracil_7589438,,,,0,,
cpic_zero_context_condensed/dpyd_fluorouracil_7589439,,,,0,,
cpic_zero_context_condensed/dpyd_fluorouracil_7589440,,,,0,,
cpic_zero_context_condensed/g6pd_dapsone_7589123,,,,0,,
cpic_zero_context_condensed/g6pd_dapsone_7589124,,,,0,,
cpic_zero_context_condensed/g6pd_dapsone_7589126,,,,0,,
cpic_zero_context_condensed/g6pd_methylene_blue_7589787,,,,0,,
cpic_zero_context_condensed/g6pd_nitrofurantoin_7589815,,,,0,,
cpic_zero_context_condensed/g6pd_nitrofurantoin_7589816,,,,0,,
cpic_zero_context_condensed/g6pd_nitrofurantoin_7589817,,,,0,,
cpic_zero_context_condensed/g6pd_primaquine_7590079,,,,0,,
cpic_zero_context_condensed/g6pd_primaquine_7590080,,,,0,,
cpic_zero_context_condensed/hla_b_abacavir_7588405,,,,0,,
cpic_zero_context_condensed/hla_b_abacavir_7588406,,,,0,,
cpic_zero_context_condensed/hla_b_allopurinol_7588407,,,,0,,
cpic_zero_context_condensed/hla_b_allopurinol_7588408,,,,0,,
cpic_zero_context_condensed/mt_rnr1_amikacin_7588409,,,,0,,
cpic_zero_context_condensed/mt_rnr1_amikacin_7588410,,,,0,,
cpic_zero_context_condensed/nat2_hydralazine_7589516,,,,0,,
cpic_zero_context_condensed/nat2_hydralazine_7589517,,,,0,,
cpic_zero_context_condensed/nat2_hydralazine_7589518,,,,0,,
cpic_zero_context_condensed/ugt1a1_atazanavir_7588703,,,,0,,
cpic_zero_context_condensed/ugt1a1_atazanavir_7588705,,,,0,,
evidence_benchmark/cacna1s_ryr1_desflurane_7589138,1,,,,,
evidence_benchmark/cacna1s_ryr1_enflurane_7589152,0,,,,,
evidence_benchmark/cacna1s_ryr1_methoxyflurane_7589173,0,,,,,
evidence_benchmark/cyp2b6_efavirenz_7589434,1,,,,,
evidence_benchmark/dpyd_fluorouracil_7589438,1,,,,,
evidence_benchmark/slco1b1_simvastatin_7590175,0,,,,,
evidence_benchmark/ugt1a1_atazanavir_7588705,1,,,,,
mvp_dataset/question-1,1,,,,,
mvp_dataset/question-2,1,,,,,
mvp_pgx/question-1,1,,,,,
mvp_pgx/question-2,1,,,,,
pgx_drug_qa/PMC10038974,0,,,,,
pgx_drug_qa/PMC10049548,0,,,,,
pgx_drug_qa/PMC10145266,0,,,,,
pgx_drug_qa/PMC10163902,0,,,,,
pgx_drug_qa/PMC10179231,0,,,,,
pgx_drug_qa/PMC10244018,0,,,,,
pgx_drug_qa/PMC10288459,0,,,,,
pgx_drug_qa/PMC10298094,0,,,,,
pgx_drug_qa/PMC10298263,0,,,,,
pgx_drug_qa/PMC10318569,0,,,,,
pgx_drug_qa/PMC10404721,0,,,,,
pgx_drug_qa/PMC10463210,0,,,,,
pgx_drug_qa/PMC10483403,0,,,,,
pgx_drug_qa/PMC10506908,0,,,,,
pgx_drug_qa/PMC1051117,0,,,,,
pgx_drug_qa/PMC10520058,0,,,,,
pgx_drug_qa/PMC10532907,0,,,,,
pgx_drug_qa/PMC10541540,0,,,,,
pgx_drug_qa/PMC10550831,0,,,,,
pgx_drug_qa/pmc10026301,0,,1,,,
pgx_drug_qa/pmc10031538,0,,1,,,
pgx_drug_qa/pmc10038974,1,0,1,,,
pgx_drug_qa/pmc10039478,0,,1,,,
pgx_drug_qa/pmc10049548,1,0,1,,,
pgx_drug_qa/pmc10058912,0,,1,,,
pgx_drug_qa/pmc10085626,0,,1,,,
pgx_drug_qa/pmc10089949,0,,1,,,
pgx_drug_qa/pmc10091789,0,,1,,,
pgx_drug_qa/pmc10099095,0,,1,,,
pgx_drug_qa/pmc10139129,0,,0,,,
pgx_drug_qa/pmc10139887,0,,1,,,
pgx_drug_qa/pmc10145266,1,0,1,,,0
pgx_drug_qa/pmc10151137,0,,1,,,
pgx_drug_qa/pmc10152845,0,,1,,,
pgx_drug_qa/pmc10154044,0,,0,,,
pgx_drug_qa/pmc10159199,0,,0,,,
pgx_drug_qa/pmc10163902,1,0,1,,,0
pgx_drug_qa/pmc10179231,1,,1,,,
pgx_drug_qa/pmc10189794,0,,1,,,
pgx_drug_qa/pmc10189922,1,,1,,,
pgx_drug_qa/pmc10193607,0,,1,,,
pgx_drug_qa/pmc10196221,0,,1,,,
pgx_drug_qa/pmc10214567,0,,1,,,
pgx_drug_qa/pmc10214954,0,,1,,,
pgx_drug_qa/pmc10216814,0,,0,,,
pgx_drug_qa/pmc10230242,0,,1,,,
pgx_drug_qa/pmc10234323,0,,1,,,
pgx_drug_qa/pmc10244018,1,,1,,,
pgx_drug_qa/pmc10272067,0,,1,,,
pgx_drug_qa/pmc10275785,0,,0,,,
pgx_drug_qa/pmc10278212,0,,1,,,
pgx_drug_qa/pmc10288459,1,,1,,,
pgx_drug_qa/pmc1029622,0,,1,,,
pgx_drug_qa/pmc10298094,1,,1,,,
pgx_drug_qa/pmc10298263,1,,1,,,
pgx_drug_qa/pmc10308004,0,,1,,,
pgx_drug_qa/pmc10309098,0,,1,,,
pgx_drug_qa/pmc10309546,0,,1,,,
pgx_drug_qa/pmc10318569,0,,1,,,
pgx_drug_qa/pmc10319068,0,,1,,,
pgx_drug_qa/pmc10327396,0,,1,,,
pgx_drug_qa/pmc10337687,1,,1,,,
pgx_drug_qa/pmc10344568,0,,1,,,
pgx_drug_qa/pmc10349379,0,,1,,,
pgx_drug_qa/pmc10349800,0,,1,,,
pgx_drug_qa/pmc10350251,0,,1,,,
pgx_drug_qa/pmc10352989,0,,1,,,
pgx_drug_qa/pmc10361978,0,,0,,,
pgx_drug_qa/pmc10366597,0,,1,,,
pgx_drug_qa/pmc10368781,0,,1,,,
pgx_drug_qa/pmc10374328,0,,0,,,
pgx_drug_qa/pmc10377184,0,,1,,,
pgx_drug_qa/pmc10381361,0,,1,,,
pgx_drug_qa/pmc10381559,0,,1,,,
pgx_drug_qa/pmc10385908,0,,1,,,
pgx_drug_qa/pmc10399933,0,,0,,,
pgx_drug_qa/pmc10404408,0,,0,,,
pgx_drug_qa/pmc10404721,1,0,1,,0,0
pgx_drug_qa/pmc10407116,1,,1,,,
pgx_drug_qa/pmc10409991,1,,1,,,
pgx_drug_qa/pmc10411392,1,,1,,,
pgx_drug_qa/pmc10416089,0,,0,,,
pgx_drug_qa/pmc10418744,0,,0,,,
pgx_drug_qa/pmc10435398,0,,1,,,
pgx_drug_qa/pmc10443690,0,,1,,,
pgx_drug_qa/pmc10448185,0,,1,,,
pgx_drug_qa/pmc10452379,0,,1,,,
pgx_drug_qa/pmc10460569,0,,1,,,
pgx_drug_qa/pmc10463210,1,,1,,,
pgx_drug_qa/pmc10478012,0,,1,,,
pgx_drug_qa/pmc10483403,1,,1,,,
pgx_drug_qa/pmc10486269,0,,1,,,
pgx_drug_qa/pmc10487873,0,,0,,,
pgx_drug_qa/pmc10487921,1,,1,,,
pgx_drug_qa/pmc10494815,0,,1,,,
pgx_drug_qa/pmc10495004,0,,1,,,
pgx_drug_qa/pmc10499425,0,,1,,,
pgx_drug_qa/pmc10501134,0,,0,,,
pgx_drug_qa/pmc10501538,0,,1,,,
pgx_drug_qa/pmc10502099,1,,1,,,
pgx_drug_qa/pmc10506908,1,,1,,,
pgx_drug_qa/pmc1050876,0,,1,,,
pgx_drug_qa/pmc1051117,1,0,1,,,
pgx_drug_qa/pmc1051806,0,,1,,,
pgx_drug_qa/pmc10520058,1,0,0,,,
pgx_drug_qa/pmc10522553,0,,1,,,
pgx_drug_qa/pmc10526247,0,,1,,,
pgx_drug_qa/pmc10526923,0,,0,,,
pgx_drug_qa/pmc10527451,0,,1,,,
pgx_drug_qa/pmc10529681,1,,1,,,
pgx_drug_qa/pmc10532840,0,,1,,,
pgx_drug_qa/pmc10532907,1,0,1,,,
pgx_drug_qa/pmc10536177,0,,1,,,
pgx_drug_qa/pmc10537526,1,,0,,,
pgx_drug_qa/pmc10541540,0,,0,,,
pgx_drug_qa/pmc10550831,1,,1,,,
pgx_drug_qa/pmc10557961,0,,1,,,
pgx_drug_qa/pmc10564446,0,,1,,,
pgx_drug_qa/pmc10565537,1,,0,,,
summary_qa/cyp2c19_1_cyp2c19_2_cyp2c19_3_cyp2c19_9_cyp2c19_10_cyp2c19_17_cyp2c19_24_cyp2c19_26_1183630065,,,,,0,0
summary_qa/cyp2c9_1_cyp2c9_2_cyp2c9_3_cyp2c9_4_cyp2c9_5_cyp2c9_6_cyp2c9_8_cyp2c9_11_981238341,,,,,0,0
summary_qa/cyp2d6_1_cyp2d6_1xn_cyp2d6_2_cyp2d6_3_cyp2d6_4_cyp2d6_5_cyp2d6_6_cyp2d6_10_cyp2d6_41_1183617651,,,,,0,0
summary_qa/cyp2d6_1_cyp2d6_4_cyp2d6_5_cyp2d6_6_cyp2d6_17_cyp2d6_40_1451288220,,,,,0,0
summary_qa/pmc11401437_rs186089140_summary,1,,0,,,0
summary_qa/pmc11672886_rs80224560_summary,1,,0,,,0
summary_qa/pmc1365132_cyp2d6_1_cyp2d6_3_cyp2d6_4_cyp2d6_5_summary,0,,0,,,0
summary_qa/pmc1401654_nat2_4_nat2_5_nat2_6_nat2_7_nat2_16_summary,1,,1,,0,0
summary_qa/pmc1856436_tpmt_1_tpmt_2_tpmt_3a_tpmt_3b_tpmt_3c_tpmt_4_tpmt_6_tpmt_9_tpmt_12_summary,1,,0,,,0
summary_qa/pmc1856436_tpmt_1_tpmt_2_tpmt_3a_tpmt_3b_tpmt_3c_tpmt_6_summary,0,,0,,,0
summary_qa/pmc1873971_cyp2c19_1_cyp2c19_2_cyp2c19_3_cyp2c19_17_summary,0,,1,,,0
summary_qa/pmc1873971_cyp2c19_1_cyp2c19_2_cyp2c19_3_cyp2c19_8_cyp2c19_9_cyp2c19_17_summary,0,,1,,,0
summary_qa/pmc1884377_cyp2c19_1_cyp2c19_2_cyp2c19_3_cyp2c19_17_summary,0,,0,,,0
summary_qa/pmc1884506_cyp2d6_1_cyp2d6_1xn_cyp2d6_3_cyp2d6_4_cyp2d6_5_cyp2d6_6_cyp2d6_10_cyp2d6_14_summary,0,,0,,,0
summary_qa/pmc1885048_cyp2d6_1_cyp2d6_1xn_cyp2d6_2_cyp2d6_2xn_cyp2d6_3_cyp2d6_4_cyp2d6_5_cyp2d6_9_cyp2d6_10_cyp2d6_14_cyp2d6_41_summary,0,,0,,,0
summary_qa/pmc2014334_cyp2c9_1_cyp2c9_2_cyp2c9_3_cyp2c9_5_cyp2c9_6_cyp2c9_8_cyp2c9_11_cyp2c9_13_cyp2c9_14_cyp2c9_16_cyp2c9_29_cyp2c9_31_cyp2c9_33_cyp2c9_37_cyp2c9_39_cyp2c9_42_cyp2c9_43_cyp2c9_45_cyp2c9_50_cyp2c9_52_cyp2c9_55_summary,0,,1,,,0
summary_qa/pmc2014902_cyp2c19_1_cyp2c19_2_cyp2c19_3_cyp2c19_9_cyp2c19_10_cyp2c19_17_cyp2c19_24_cyp2c19_26_summary,1,,0,,,0
summary_qa/pmc2048549_cyp2d6_1_cyp2d6_4_cyp2d6_4xn_cyp2d6_5_cyp2d6_10_cyp2d6_17_cyp2d6_92_cyp2d6_96_summary,0,,0,,,0
summary_qa/pmc2291274_cyp2d6_1_cyp2d6_1xn_cyp2d6_2_cyp2d6_3_cyp2d6_4_cyp2d6_5_cyp2d6_6_cyp2d6_10_cyp2d6_41_summary,0,,0,,,0
summary_qa/pmc2291379_cyp2d6_1_cyp2d6_1xn_cyp2d6_2_cyp2d6_3_cyp2d6_4_cyp2d6_5_cyp2d6_6_cyp2d6_10_cyp2d6_41_summary,1,,0,,0,0
summary_qa/pmc2291379_cyp2d6_1_cyp2d6_1xn_cyp2d6_2xn_cyp2d6_3_cyp2d6_4_cyp2d6_5_cyp2d6_9_cyp2d6_10_cyp2d6_35_cyp2d6_35xn_cyp2d6_41_summary,1,,1,,,0
summary_qa/pmc2291379_cyp2d6_1_cyp2d6_1xn_cyp2d6_2xn_cyp2d6_4_cyp2d6_5_summary,0,,1,,,0
summary_qa/pmc2291379_cyp2d6_1_cyp2d6_3_cyp2d6_4_cyp2d6_5_cyp2d6_6_summary,0,,0,,0,0
summary_qa/pmc2291379_cyp2d6_1_cyp2d6_3_cyp2d6_4_cyp2d6_5_cyp2d6_6_summary_1451265448,0,,0,,,0
summary_qa/pmc2360725_rs121434568_summary,0,,1,,,0
summary_qa/pmc2432487_cyp2c19_1_cyp2c19_2_cyp2c19_3_summary,0,,0,,,0
summary_qa/pmc2432487_cyp2c19_1_cyp2c19_2_cyp2c19_3_summary_1183629796,0,,0,,,0
summary_qa/pmc2602733_rs3918290_summary,0,,0,,,0
summary_qa/pmc2602733_rs3918290_summary_1451274984,0,,0,,,0
summary_qa/pmc2816343_cyp2d6_1_cyp2d6_1xn_cyp2d6_2_cyp2d6_2xn_cyp2d6_3_cyp2d6_4_cyp2d6_5_cyp2d6_6_cyp2d6_10_cyp2d6_17_summary,0,,0,,,0
summary_qa/pmc2824234_cyp2d6_1_cyp2d6_3_cyp2d6_4_cyp2d6_5_cyp2d6_6_cyp2d6_10_summary,0,,0,,,0
summary_qa/pmc2859392_rs3745274_summary,0,,0,,,0
summary_qa/pmc2955237_rs56038477_summary,0,,0,,,0
summary_qa/pmc3061841_cyp2c19_1_cyp2c19_2_cyp2c19_3_cyp2c19_17_summary,0,,1,,,0
summary_qa/pmc3090085_cyp2c19_1_cyp2c19_2_cyp2c19_3_cyp2c19_4_summary,0,,0,,,0
summary_qa/pmc3148255_rs75527207_summary,1,,1,,,0
summary_qa/pmc3291838_rs9923231_summary,0,,0,,,0
summary_qa/pmc3330749_cyp2c9_1_cyp2c9_2_cyp2c9_3_cyp2c9_5_cyp2c9_6_cyp2c9_11_summary,0,,0,,,0
summary_qa/pmc3461592_rs2108622_summary,0,,0,,,0
summary_qa/pmc3522814_cyp2b6_1_cyp2b6_4_cyp2b6_6_cyp2b6_9_cyp2b6_18_cyp2b6_28_summary,1,,0,,,0
summary_qa/pmc3571021_cyp2c19_1_cyp2c19_2_cyp2c19_3_cyp2c19_17_summary,0,,0,,,0
summary_qa/pmc3579268_cyp2d6_1_cyp2d6_3_cyp2d6_4_cyp2d6_4xn_cyp2d6_5_cyp2d6_6_summary,0,,0,,,0
summary_qa/pmc3579501_cyp3a5_1_cyp3a5_3_cyp3a5_6_cyp3a5_7_summary,0,,0,,,0
summary_qa/pmc3579501_cyp3a5_1_cyp3a5_3_cyp3a5_6_cyp3a5_7_summary_981203719,0,,0,,,0
summary_qa/pmc3657889_rs9923231_summary,0,,0,,,0
summary_qa/pmc3674704_rs12979860_summary,1,,1,,,0
summary_qa/pmc3694243_rs75017182_summary,0,,0,,,0
summary_qa/pmc3694243_rs75017182_summary_1184986174,0,,0,,,0
summary_qa/pmc3773276_cyp2c19_1_cyp2c19_2_cyp2c19_3_cyp2c19_8_cyp2c19_10_cyp2c19_17_cyp2c19_19_cyp2c19_25_cyp2c19_26_summary,0,,0,,,0
summary_qa/pmc3775655_cyp2d6_1_cyp2d6_1xn_cyp2d6_2_cyp2d6_2xn_cyp2d6_3_cyp2d6_4_cyp2d6_5_cyp2d6_6_cyp2d6_10_cyp2d6_17_cyp2d6_29_cyp2d6_36_cyp2d6_41_summary,1,,1,,,0
summary_qa/pmc3805522_rs56038477_summary,0,,0,,,0
summary_qa/pmc3805522_rs67376798_summary,0,,0,,,0
summary_qa/pmc3821392_rs55886062_summary,1,,1,,,0
summary_qa/pmc3821392_rs67376798_summary,1,,0,,,0
summary_qa/pmc3839910_hla_a_31_01_summary,1,,1,,,0
summary_qa/pmc3839910_hla_b_15_02_hla_b_15_11_summary,0,,0,,,0
summary_qa/pmc384715_hla_b_57_01_summary,0,,0,,,0
summary_qa/pmc4043918_rs9923231_summary,1,,0,,,0
summary_qa/pmc4059003_ugt1a1_1_ugt1a1_6_ugt1a1_28_ugt1a1_36_ugt1a1_37_summary,0,,0,,,0
summary_qa/pmc4271081_rs55886062_summary,0,,0,,,0
summary_qa/pmc4308646_cyp2d6_1_cyp2d6_2_cyp2d6_3_cyp2d6_4_cyp2d6_5_cyp2d6_6_cyp2d6_7_cyp2d6_9_cyp2d6_10_cyp2d6_10x2_cyp2d6_11_cyp2d6_17_cyp2d6_21_cyp2d6_36_cyp2d6_41_summary,1,,0,,,0
summary_qa/pmc4375304_rs116855232_summary,0,,0,,,0
summary_qa/pmc4405819_cyp2b6_1_cyp2b6_2_cyp2b6_6_cyp2b6_18_cyp2b6_38_summary,0,,0,,0,0
summary_qa/pmc4446052_tpmt_1_tpmt_2_tpmt_3a_tpmt_3b_tpmt_3c_tpmt_9_summary,0,,0,,,0
summary_qa/pmc4480333_cyp2d6_1_cyp2d6_3_cyp2d6_4_cyp2d6_5_cyp2d6_6_cyp2d6_10_summary,0,,0,,,0
summary_qa/pmc4500328_tpmt_1_tpmt_2_tpmt_3a_tpmt_3b_tpmt_3c_tpmt_4_tpmt_5_tpmt_6_tpmt_7_tpmt_8_tpmt_9_tpmt_12_tpmt_14_tpmt_15_tpmt_16_tpmt_23_summary,0,,1,,0,0
summary_qa/pmc4502741_rs121908755_summary,0,,1,,,0
summary_qa/pmc4609097_rs121908757_summary,1,,1,,,0
summary_qa/pmc4609097_rs121909005_summary,1,,1,,,0
summary_qa/pmc4641035_rs78655421_summary,1,,0,,,0
summary_qa/pmc4737107_tpmt_1_tpmt_2_tpmt_3a_tpmt_3b_tpmt_3c_tpmt_7_tpmt_9_tpmt_10_tpmt_12_tpmt_13_tpmt_16_tpmt_17_tpmt_18_tpmt_23_summary,1,,0,,,0
summary_qa/pmc4737107_tpmt_1_tpmt_2_tpmt_3a_tpmt_3c_tpmt_9_summary,1,,1,,,0
summary_qa/pmc4737107_tpmt_1_tpmt_2_tpmt_3a_tpmt_3c_tpmt_9_summary_1451748900,0,,0,,,0
summary_qa/pmc4746878_rs4149056_summary,0,,1,,,0
summary_qa/pmc4872310_ugt1a1_1_ugt1a1_28_summary,1,,1,,,0
summary_qa/pmc4879695_rs67376798_summary,0,,0,,,0
summary_qa/pmc4930967_ugt1a1_1_ugt1a1_28_summary,1,,0,,,0
summary_qa/pmc5029084_nudt15_1_nudt15_2_nudt15_3_summary,1,,0,,,0
summary_qa/pmc5053597_rs12979860_summary,0,,0,,,0
summary_qa/pmc5053597_rs12979860_summary_1183680546,1,,0,,,0
summary_qa/pmc507468_rs3918290_summary,0,,0,,,0
summary_qa/pmc5079351_rs77932196_summary,1,,0,,,0
summary_qa/pmc5355968_cyp2c19_1_cyp2c19_2_cyp2c19_3_cyp2c19_17_summary,0,,0,,,0
summary_qa/pmc5461999_rs113993960_summary,0,,1,,,0
summary_qa/pmc5467955_hla_b_15_02_summary,0,,0,,,0
summary_qa/pmc554812_hla_b_58_01_summary,1,,0,,0,0
summary_qa/pmc5564514_cyp2d6_1_cyp2d6_2_cyp2d6_3_cyp2d6_4_cyp2d6_5_cyp2d6_6_cyp2d6_9_cyp2d6_10_cyp2d6_17_cyp2d6_29_cyp2d6_31_cyp2d6_35_cyp2d6_41_summary,0,,0,,,0
summary_qa/pmc5700347_cyp2c19_1_cyp2c19_2_cyp2c19_3_cyp2c19_17_summary,0,,0,,,0
summary_qa/pmc5728073_rs4149056_summary,0,,0,,,0
summary_qa/pmc5728073_slco1b1_1_slco1b1_5_slco1b1_15_summary,0,,0,,,0
summary_qa/pmc5775044_cyp2c19_1_cyp2c19_2_cyp2c19_3_cyp2c19_4_cyp2c19_5_cyp2c19_6_cyp2c19_8_cyp2c19_17_summary,0,,0,,,0
summary_qa/pmc6132901_nudt15_1_nudt15_2_nudt15_3_summary,0,,0,,,0
summary_qa/pmc6373376_cyp2c9_1_cyp2c9_2_cyp2c9_3_summary,1,,1,,,0
summary_qa/pmc6461793_rs2231142_summary,1,,0,,,0
summary_qa/pmc6462825_cyp2c9_1_cyp2c9_2_cyp2c9_3_cyp2c9_4_cyp2c9_5_cyp2c9_6_cyp2c9_8_cyp2c9_11_summary,1,,0,,,0
summary_qa/pmc6465603_rs116855232_summary,0,,0,,,0
summary_qa/pmc6474277_rs55886062_summary,0,,0,,,0
summary_qa/pmc6562829_cyp2d6_1_cyp2d6_3_cyp2d6_4_cyp2d6_5_cyp2d6_6_cyp2d6_10_cyp2d6_17_summary,0,,0,,,0
summary_qa/pmc6562829_cyp2d6_1_cyp2d6_4_cyp2d6_5_cyp2d6_6_cyp2d6_17_cyp2d6_40_summary,1,,1,,,0
summary_qa/pmc6777606_cyp2c9_1_cyp2c9_2_cyp2c9_3_cyp2c9_5_cyp2c9_6_cyp2c9_11_summary,0,,0,,,0
summary_qa/pmc6920759_cyp2d6_1_cyp2d6_1xn_cyp2d6_2_cyp2d6_3_cyp2d6_4_cyp2d6_5_cyp2d6_6_cyp2d6_9_cyp2d6_10_cyp2d6_17_cyp2d6_41_summary,0,,0,,,0
summary_qa/pmc6969041_cyp2c19_1_cyp2c19_2_cyp2c19_3_cyp2c19_17_summary,0,,0,,,0
summary_qa/pmc7221122_cyp2c9_1_cyp2c9_2_cyp2c9_3_summary,0,,0,,,0
summary_qa/pmc8062056_rs4149056_summary,1,,1,,,0
summary_qa/rs2108622_655385400,,,,,0,0
